<beans xmlns="http://www.springframework.org/schema/beans"
    xmlns:context="http://www.springframework.org/schema/context"
    xmlns:mvc="http://www.springframework.org/schema/mvc"
    xmlns:xsi="http://www.w3.org/2001/XMLSchema-instance"
    xsi:schemaLocation="http://www.springframework.org/schema/beans http://www.springframework.org/schema/beans/spring-beans.xsd
    http://www.springframework.org/schema/mvc http://www.springframework.org/schema/mvc/spring-mvc.xsd
    http://www.springframework.org/schema/context http://www.springframework.org/schema/context/spring-context.xsd">
    
    
    <context:component-scan base-package="com.muhammedessa"/>

<bean id="viewResolver"
      class="org.springframework.web.servlet.view.UrlBasedViewResolver">
    <property name="viewClass" value="org.springframework.web.servlet.view.JstlView"/>
    <property name="prefix" value="/WEB-INF/views/"/>
    <property name="suffix" value=".jsp"/>
</bean>


<bean id = "dataSource"
class = "org.springframework.jdbc.datasource.DriverManagerDataSource">
   <property name = "driverClassName" value = "com.mysql.cj.jdbc.Driver"/>
   <property name = "url" value = "jdbc:mysql://127.0.0.1:3306/muhammed?useSSL=false"/>
   <property name = "username" value = "muhammed"/>
   <property name = "password" value = "muhammed"/>
</bean>

 

 <bean id = "studentDAOImpl" 
      class = "com.muhammedessa.dao.StudentDAOImpl">
      <property name = "dataSource" ref = "dataSource" />    
   </bean>
   
 <bean id = "userDao" 
      class = "com.muhammedessa.dao.UserDaoImpl">
      <property name = "dataSource" ref = "dataSource" />    
   </bean>
    
 <mvc:annotation-driven />
 <context:annotation-config/>
 
 
</beans>